metric,value
accuracy,0.86324
precision,0.8678007290400972
recall,0.85704
f1,0.8623867981485208
