metric,value
accuracy,0.82924
precision,0.8960639014531806
recall,0.74488
f1,0.8135074920274343
