metric,value
accuracy,0.9775280898876404
precision,0.9888888888888889
recall,0.967391304347826
f1,0.978021978021978
num_samples,200.0
num_valid,178.0
